{
  "ADA": {
    "amount": 82.7,
    "buy_price": 1.21,
    "desired_price_fall": 5,
    "desired_sell_price": 1.5,
    "last_prices": [
      1.36263805,
      1.36251581,
      1.36241445,
      1.3597689,
      1.35807829,
      1.35604238,
      1.35552084,
      1.35381304,
      1.35225582,
      1.3514409,
      1.35147378,
      1.3517485,
      1.35423679,
      1.35532109,
      1.35608458,
      1.35653199,
      1.35672214,
      1.35689747,
      1.35728924,
      1.35734098,
      1.35737438,
      1.35756455,
      1.35759956,
      1.35839499,
      1.35958737,
      1.35970142
    ]
  },
  "BTC": {
    "amount": 0.00178293,
    "buy_price": 56087.45,
    "desired_price_fall": 5,
    "desired_sell_price": 61695.7,
    "last_prices": [
      56706.11363882,
      56700.24312357,
      56672.14828428,
      56535.26996435,
      56513.18645072,
      56505.79674493,
      56520.327251,
      56470.42690951,
      56409.58821734,
      56390.54037478,
      56377.34382224,
      56383.98955029,
      56446.65795547,
      56471.30333011,
      56477.95416235,
      56481.08748793,
      56482.97044677,
      56487.7896018,
      56547.5786858,
      56585.93880079,
      56607.66676257,
      56642.25987642,
      56648.79110273,
      56642.0529136,
      56635.75009567,
      56617.2633185
    ]
  },
  "ETH": {
    "amount": 0.038,
    "buy_price": 2193,
    "desired_price_fall": 5,
    "desired_sell_price": 2960,
    "last_prices": [
      2767.71685323,
      2767.99729595,
      2767.41042479,
      2762.40025307,
      2760.13795844,
      2759.08803586,
      2759.24730418,
      2758.71518822,
      2757.33481897,
      2756.34423826,
      2755.87058139,
      2755.91838698,
      2757.45553705,
      2758.61399908,
      2759.25115173,
      2759.28542848,
      2759.30898711,
      2759.58313401,
      2760.1137217,
      2760.31764593,
      2760.43532369,
      2760.81330505,
      2760.8873933,
      2761.25601342,
      2761.54369864,
      2762.01103978
    ]
  },
  "MKR": {
    "amount": 0.024,
    "buy_price": 4019.19,
    "desired_price_fall": 5,
    "desired_sell_price": 4421.21,
    "last_prices": [
      4266.824539,
      4267.56283297,
      4266.4873754,
      4252.22697282,
      4249.13988414,
      4249.12345007,
      4248.8388805,
      4250.19690335,
      4247.08596019,
      4249.25051407,
      4251.39242168,
      4251.86638417,
      4255.67488585,
      4259.38578431,
      4258.56008201,
      4258.84963769,
      4257.57496677,
      4259.0175744,
      4259.04418405,
      4259.088156,
      4258.91421425,
      4258.31464225,
      4257.56090575,
      4257.69744419,
      4257.91264655,
      4259.77814116
    ]
  },
  "XLM": {
    "amount": 199,
    "buy_price": 0.5,
    "desired_price_fall": 5,
    "desired_sell_price": 0.55,
    "last_prices": [
      0.53138692,
      0.53168172,
      0.53110506,
      0.52901245,
      0.52850497,
      0.52828119,
      0.52834892,
      0.52823342,
      0.52753281,
      0.52725241,
      0.52721493,
      0.52768184,
      0.52839499,
      0.52902814,
      0.52954887,
      0.52995678,
      0.5298285,
      0.52926128,
      0.52887561,
      0.52818549,
      0.52798132,
      0.52779299,
      0.52791345,
      0.52806236,
      0.52813056,
      0.52830286
    ]
  },
  "XRP": {
    "amount": 111,
    "buy_price": 1.56,
    "desired_price_fall": 5,
    "desired_sell_price": 1.9,
    "last_prices": [
      1.58225005,
      1.57978133,
      1.57663878,
      1.57035843,
      1.56911983,
      1.56701766,
      1.56505165,
      1.56212162,
      1.56065808,
      1.5603105,
      1.56216523,
      1.56514031,
      1.56805507,
      1.56961288,
      1.57043704,
      1.57124847,
      1.57224258,
      1.57336123,
      1.57467769,
      1.57544464,
      1.57623153,
      1.57735737,
      1.5783316,
      1.57871096,
      1.57783802,
      1.57564515
    ]
  },
  "ZEC": {
    "amount": 0.42,
    "buy_price": 235.05,
    "desired_price_fall": 5,
    "desired_sell_price": 258.55,
    "last_prices": [
      243.39236158,
      243.32183277,
      242.94902054,
      242.02410796,
      241.93144481,
      241.9371819,
      242.00871477,
      241.86060305,
      241.6591636,
      241.40538047,
      241.38852424,
      241.4049985,
      241.45589108,
      241.68364881,
      241.61543462,
      241.56934878,
      241.48217942,
      241.52558695,
      241.66031379,
      241.75587345,
      241.82515418,
      241.98858387,
      242.09538035,
      242.10192061,
      242.10706781,
      242.09824562
    ]
  }
}